Intensity initial,Intensity final,Cs Con,NEA Con,CE
3125.2463112993128,12954.693678021593,0.2,0.33,0.0
2733.668419023747,7183.175062092539,0.2,0.33,0.01
1991.8423315646628,9184.198209109203,0.2,0.33,0.02
1285.7460638111954,5195.649823563879,0.2,0.32,0.0
1436.998687507071,5951.216966744281,0.2,0.32,0.02
1580.6507685734664,5613.20616281007,0.2,0.32,0.01
3542.3350561883017,8761.853741599602,0.0,0.0,0.0
3084.774284452805,8265.159545799155,0.2,0.31,0.02
4048.3528986774672,10287.864734824549,0.2,0.31,0.01
